"","2010","2011","2012","2013","2014","2015","2016","2017","2018","2019","2011","2012","2013","2014","2015","2016","2017","2018","2019","2012","2013","2014","2015","2016","2017","2018","2019","2013","2014","2015","2016","2017","2018","2019","2014","2015","2016","2017","2018","2019","2015","2016","2017","2018","2019","2016","2017","2018","2019","2017","2018","2019","2018","2019",""
"0",0.00697558979003562,0.00300059328942707,0.00250264422476327,0.000857526293899987,0.00443654543359365,0.00279027443115079,0.00427253155793287,0.000474318049224727,0.00147183641028912,0.00256028183582449,0.00300059328942707,0.00250264422476327,0.000857526293899987,0.00443654543359365,0.00279027443115079,0.00427253155793287,0.000474318049224727,0.00147183641028912,0.00256028183582449,0.00250264422476327,0.000857526293899987,0.00443654543359365,0.00279027443115079,0.00427253155793287,0.000474318049224727,0.00147183641028912,0.00256028183582449,0.000857526293899987,0.00443654543359365,0.00279027443115079,0.00427253155793287,0.000474318049224727,0.00147183641028912,0.00256028183582449,0.00443654543359365,0.00279027443115079,0.00427253155793287,0.000474318049224727,0.00147183641028912,0.00256028183582449,0.00279027443115079,0.00427253155793287,0.000474318049224727,0.00147183641028912,0.00256028183582449,0.00427253155793287,0.000474318049224727,0.00147183641028912,0.00256028183582449,0.000474318049224727,0.00147183641028912,0.00256028183582449,0.00147183641028912,0.00256028183582449,0.00256028183582449
"1",0.000433022278996254,0.000440786892760957,0,0,0,0.000898630038506297,0.000468561843134866,0.000474687299741295,0.000474655755913024,0.000981946906130785,0.000440786892760957,0,0,0,0.000898630038506297,0.000468561843134866,0.000474687299741295,0.000474655755913024,0.000981946906130785,0,0,0,0.000898630038506297,0.000468561843134866,0.000474687299741295,0.000474655755913024,0.000981946906130785,0,0,0.000898630038506297,0.000468561843134866,0.000474687299741295,0.000474655755913024,0.000981946906130785,0,0.000898630038506297,0.000468561843134866,0.000474687299741295,0.000474655755913024,0.000981946906130785,0.000898630038506297,0.000468561843134866,0.000474687299741295,0.000474655755913024,0.000981946906130785,0.000468561843134866,0.000474687299741295,0.000474655755913024,0.000981946906130785,0.000474687299741295,0.000474655755913024,0.000981946906130785,0.000474655755913024,0.000981946906130785,0.000981946906130785
"2",0,0,0.000438125698262832,0,0,0,0,0.000468708987963553,0,0,0,0.000438125698262832,0,0,0,0,0.000468708987963553,0,0,0.000438125698262832,0,0,0,0,0.000468708987963553,0,0,0,0,0,0,0.000468708987963553,0,0,0,0,0,0.000468708987963553,0,0,0,0,0.000468708987963553,0,0,0,0.000468708987963553,0,0,0.000468708987963553,0,0,0,0,0
"3",0,0,0.000429300626349614,0,0,0,0,0,0,0,0,0.000429300626349614,0,0,0,0,0,0,0,0.000429300626349614,0,0,0,0,0,0,0,0,0,0,0,0,0,0,0,0,0,0,0,0,0,0,0,0,0,0,0,0,0,0,0,0,0,0,0
"4",0.000410155448915139,0,0,0.000427677582424162,0.000432960410100101,0,0,0,0,0,0,0,0.000427677582424162,0.000432960410100101,0,0,0,0,0,0,0.000427677582424162,0.000432960410100101,0,0,0,0,0,0.000427677582424162,0.000432960410100101,0,0,0,0,0,0.000432960410100101,0,0,0,0,0,0,0,0,0,0,0,0,0,0,0,0,0,0,0,0
"5",0,0.000410004100041,0,0,0,0.00043069846369858,0,0,0,0,0.000410004100041,0,0,0,0.00043069846369858,0,0,0,0,0,0,0,0.00043069846369858,0,0,0,0,0,0,0.00043069846369858,0,0,0,0,0,0.00043069846369858,0,0,0,0,0.00043069846369858,0,0,0,0,0,0,0,0,0,0,0,0,0,0
"6",0,0,0.000409481964366879,0.000410618596916254,0.000419735986064765,0,0,0,0,0,0,0.000409481964366879,0.000410618596916254,0.000419735986064765,0,0,0,0,0,0.000409481964366879,0.000410618596916254,0.000419735986064765,0,0,0,0,0,0.000410618596916254,0.000419735986064765,0,0,0,0,0,0.000419735986064765,0,0,0,0,0,0,0,0,0,0,0,0,0,0,0,0,0,0,0,0
"7",0.000388441533722552,0,0,0,0,0,0,0,0,0.000423746768930887,0,0,0,0,0,0,0,0,0.000423746768930887,0,0,0,0,0,0,0,0.000423746768930887,0,0,0,0,0,0,0.000423746768930887,0,0,0,0,0,0.000423746768930887,0,0,0,0,0.000423746768930887,0,0,0,0.000423746768930887,0,0,0.000423746768930887,0,0.000423746768930887,0.000423746768930887
"8",0,0,0,0,0,0,0,0,0,0,0,0,0,0,0,0,0,0,0,0,0,0,0,0,0,0,0,0,0,0,0,0,0,0,0,0,0,0,0,0,0,0,0,0,0,0,0,0,0,0,0,0,0,0,0
"9",0,0.000380183324399025,0,0,0,0,0,0.000419415586322019,0,0.000429763715908993,0.000380183324399025,0,0,0,0,0,0.000419415586322019,0,0.000429763715908993,0,0,0,0,0,0.000419415586322019,0,0.000429763715908993,0,0,0,0,0.000419415586322019,0,0.000429763715908993,0,0,0,0.000419415586322019,0,0.000429763715908993,0,0,0.000419415586322019,0,0.000429763715908993,0,0.000419415586322019,0,0.000429763715908993,0.000419415586322019,0,0.000429763715908993,0,0.000429763715908993,0.000429763715908993
"10",0,0.000371900672768317,0,0.000388332925583761,0.000391130719797864,0,0,0,0,0,0.000371900672768317,0,0.000388332925583761,0.000391130719797864,0,0,0,0,0,0,0.000388332925583761,0.000391130719797864,0,0,0,0,0,0.000388332925583761,0.000391130719797864,0,0,0,0,0,0.000391130719797864,0,0,0,0,0,0,0,0,0,0,0,0,0,0,0,0,0,0,0,0
"11",0,0,0,0,0,0,0.000403888639824228,0,0,0,0,0,0,0,0,0.000403888639824228,0,0,0,0,0,0,0,0.000403888639824228,0,0,0,0,0,0,0.000403888639824228,0,0,0,0,0,0.000403888639824228,0,0,0,0,0.000403888639824228,0,0,0,0.000403888639824228,0,0,0,0,0,0,0,0,0
"12",0.000370205834443951,0,0,0,0,0.000388042094806445,0.000391682236035549,0,0,0,0,0,0,0,0.000388042094806445,0.000391682236035549,0,0,0,0,0,0,0.000388042094806445,0.000391682236035549,0,0,0,0,0,0.000388042094806445,0.000391682236035549,0,0,0,0,0.000388042094806445,0.000391682236035549,0,0,0,0.000388042094806445,0.000391682236035549,0,0,0,0.000391682236035549,0,0,0,0,0,0,0,0,0
"13",0,0,0,0.000375808457945155,0,0,0,0,0,0,0,0,0.000375808457945155,0,0,0,0,0,0,0,0.000375808457945155,0,0,0,0,0,0,0.000375808457945155,0,0,0,0,0,0,0,0,0,0,0,0,0,0,0,0,0,0,0,0,0,0,0,0,0,0,0
"14",0,0.000372342406076628,0.000373584581417156,0,0,0,0,0,0,0,0.000372342406076628,0.000373584581417156,0,0,0,0,0,0,0,0.000373584581417156,0,0,0,0,0,0,0,0,0,0,0,0,0,0,0,0,0,0,0,0,0,0,0,0,0,0,0,0,0,0,0,0,0,0,0
"15",0.000343891962900935,0,0,0.000376430907988993,0.000372981239043676,0,0,0,0,0.000783619223746797,0,0,0.000376430907988993,0.000372981239043676,0,0,0,0,0.000783619223746797,0,0.000376430907988993,0.000372981239043676,0,0,0,0,0.000783619223746797,0.000376430907988993,0.000372981239043676,0,0,0,0,0.000783619223746797,0.000372981239043676,0,0,0,0,0.000783619223746797,0,0,0,0,0.000783619223746797,0,0,0,0.000783619223746797,0,0,0.000783619223746797,0,0.000783619223746797,0.000783619223746797
"16",0,0,0.000394017242194518,0,0,0,0,0,0,0,0,0.000394017242194518,0,0,0,0,0,0,0,0.000394017242194518,0,0,0,0,0,0,0,0,0,0,0,0,0,0,0,0,0,0,0,0,0,0,0,0,0,0,0,0,0,0,0,0,0,0,0
"17",0,0,0.000379230314154392,0,0,0.000393750453959868,0.000371349633106562,0,0,0,0,0.000379230314154392,0,0,0.000393750453959868,0.000371349633106562,0,0,0,0.000379230314154392,0,0,0.000393750453959868,0.000371349633106562,0,0,0,0,0,0.000393750453959868,0.000371349633106562,0,0,0,0,0.000393750453959868,0.000371349633106562,0,0,0,0.000393750453959868,0.000371349633106562,0,0,0,0.000371349633106562,0,0,0,0,0,0,0,0,0
"18",0.000406157345355591,0,0.000370860730669812,0.000405192952884163,0.000888470320648939,0,0,0.00037139652521411,0.000373089780324737,0,0,0.000370860730669812,0.000405192952884163,0.000888470320648939,0,0,0.00037139652521411,0.000373089780324737,0,0.000370860730669812,0.000405192952884163,0.000888470320648939,0,0,0.00037139652521411,0.000373089780324737,0,0.000405192952884163,0.000888470320648939,0,0,0.00037139652521411,0.000373089780324737,0,0.000888470320648939,0,0,0.00037139652521411,0.000373089780324737,0,0,0,0.00037139652521411,0.000373089780324737,0,0,0.00037139652521411,0.000373089780324737,0,0.00037139652521411,0.000373089780324737,0,0.000373089780324737,0,0
"19",0.000450099697082904,0.000434723311398275,0,0,0.000869879130294845,0,0.000436138430337789,0.000385135317293731,0,0.000373159391302401,0.000434723311398275,0,0,0.000869879130294845,0,0.000436138430337789,0.000385135317293731,0,0.000373159391302401,0,0,0.000869879130294845,0,0.000436138430337789,0.000385135317293731,0,0.000373159391302401,0,0.000869879130294845,0,0.000436138430337789,0.000385135317293731,0,0.000373159391302401,0.000869879130294845,0,0.000436138430337789,0.000385135317293731,0,0.000373159391302401,0,0.000436138430337789,0.000385135317293731,0,0.000373159391302401,0.000436138430337789,0.000385135317293731,0,0.000373159391302401,0.000385135317293731,0,0.000373159391302401,0,0.000373159391302401,0.000373159391302401
"20",0,0,0.000434472810691507,0,0,0,0,0.00087259273479289,0,0.000743207087222784,0,0.000434472810691507,0,0,0,0,0.00087259273479289,0,0.000743207087222784,0.000434472810691507,0,0,0,0,0.00087259273479289,0,0.000743207087222784,0,0,0,0,0.00087259273479289,0,0.000743207087222784,0,0,0,0.00087259273479289,0,0.000743207087222784,0,0,0.00087259273479289,0,0.000743207087222784,0,0.00087259273479289,0,0.000743207087222784,0.00087259273479289,0,0.000743207087222784,0,0.000743207087222784,0.000743207087222784
"21",0,0.00141402714932127,0,0.000443105281814959,0.000435151541524336,0.00135099230384718,0,0.000485069558974757,0,0.00115614955950702,0.00141402714932127,0,0.000443105281814959,0.000435151541524336,0.00135099230384718,0,0.000485069558974757,0,0.00115614955950702,0,0.000443105281814959,0.000435151541524336,0.00135099230384718,0,0.000485069558974757,0,0.00115614955950702,0.000443105281814959,0.000435151541524336,0.00135099230384718,0,0.000485069558974757,0,0.00115614955950702,0.000435151541524336,0.00135099230384718,0,0.000485069558974757,0,0.00115614955950702,0.00135099230384718,0,0.000485069558974757,0,0.00115614955950702,0,0.000485069558974757,0,0.00115614955950702,0.000485069558974757,0,0.00115614955950702,0,0.00115614955950702,0.00115614955950702
"22",0.00083808949119587,0.000903481112727338,0.000924141818803514,0,0.000452089785031307,0,0,0.000480095250897778,0.00048534500749858,0,0.000903481112727338,0.000924141818803514,0,0.000452089785031307,0,0,0.000480095250897778,0.00048534500749858,0,0.000924141818803514,0,0.000452089785031307,0,0,0.000480095250897778,0.00048534500749858,0,0,0.000452089785031307,0,0,0.000480095250897778,0.00048534500749858,0,0.000452089785031307,0,0,0.000480095250897778,0.00048534500749858,0,0,0,0.000480095250897778,0.00048534500749858,0,0,0.000480095250897778,0.00048534500749858,0,0.000480095250897778,0.00048534500749858,0,0.00048534500749858,0,0
"23",0.000406843100958116,0.000847177627733207,0.000442654154309238,0.000452984716295672,0,0,0.000463722953358745,0,0,0,0.000847177627733207,0.000442654154309238,0.000452984716295672,0,0,0.000463722953358745,0,0,0,0.000442654154309238,0.000452984716295672,0,0,0.000463722953358745,0,0,0,0.000452984716295672,0,0,0.000463722953358745,0,0,0,0,0,0.000463722953358745,0,0,0,0,0.000463722953358745,0,0,0,0.000463722953358745,0,0,0,0,0,0,0,0,0
"24",0.00153315446531238,0.000403924530740676,0.000416640626627502,0,0.000448659573995513,0.000893639077049561,0,0,0,0.000480171325128806,0.000403924530740676,0.000416640626627502,0,0.000448659573995513,0.000893639077049561,0,0,0,0.000480171325128806,0.000416640626627502,0,0.000448659573995513,0.000893639077049561,0,0,0,0.000480171325128806,0,0.000448659573995513,0.000893639077049561,0,0,0,0.000480171325128806,0.000448659573995513,0.000893639077049561,0,0,0,0.000480171325128806,0.000893639077049561,0,0,0,0.000480171325128806,0,0,0,0.000480171325128806,0,0,0.000480171325128806,0,0.000480171325128806,0.000480171325128806
"25",0.000356652460010343,0.00038046683280385,0.000399677060934765,0.000413732646782921,0.000425441395447777,0,0,0.000458801884758143,0.000463864922534558,0,0.00038046683280385,0.000399677060934765,0.000413732646782921,0.000425441395447777,0,0,0.000458801884758143,0.000463864922534558,0,0.000399677060934765,0.000413732646782921,0.000425441395447777,0,0,0.000458801884758143,0.000463864922534558,0,0.000413732646782921,0.000425441395447777,0,0,0.000458801884758143,0.000463864922534558,0,0.000425441395447777,0,0,0.000458801884758143,0.000463864922534558,0,0,0,0.000458801884758143,0.000463864922534558,0,0,0.000458801884758143,0.000463864922534558,0,0.000458801884758143,0.000463864922534558,0,0.000463864922534558,0,0
"26",0,0,0,0.000395649438771271,0.000806055085804564,0,0,0,0.000458942962568612,0.000464045736347774,0,0,0.000395649438771271,0.000806055085804564,0,0,0,0.000458942962568612,0.000464045736347774,0,0.000395649438771271,0.000806055085804564,0,0,0,0.000458942962568612,0.000464045736347774,0.000395649438771271,0.000806055085804564,0,0,0,0.000458942962568612,0.000464045736347774,0.000806055085804564,0,0,0,0.000458942962568612,0.000464045736347774,0,0,0,0.000458942962568612,0.000464045736347774,0,0,0.000458942962568612,0.000464045736347774,0,0.000458942962568612,0.000464045736347774,0.000458942962568612,0.000464045736347774,0.000464045736347774
"27",0.000336250870049126,0.000336437530279378,0,0,0.000391677633640409,0.000397525799424383,0,0,0,0.00137756226581441,0.000336437530279378,0,0,0.000391677633640409,0.000397525799424383,0,0,0,0.00137756226581441,0,0,0.000391677633640409,0.000397525799424383,0,0,0,0.00137756226581441,0,0.000391677633640409,0.000397525799424383,0,0,0,0.00137756226581441,0.000391677633640409,0.000397525799424383,0,0,0,0.00137756226581441,0.000397525799424383,0,0,0,0.00137756226581441,0,0,0,0.00137756226581441,0,0,0.00137756226581441,0,0.00137756226581441,0.00137756226581441
"28",0.000335500667646329,0.000671815009019116,0,0.000349529358718486,0,0.000776904192175021,0,0,0.000433658866589186,0.000444264764028771,0.000671815009019116,0,0.000349529358718486,0,0.000776904192175021,0,0,0.000433658866589186,0.000444264764028771,0,0.000349529358718486,0,0.000776904192175021,0,0,0.000433658866589186,0.000444264764028771,0.000349529358718486,0,0.000776904192175021,0,0,0.000433658866589186,0.000444264764028771,0,0.000776904192175021,0,0,0.000433658866589186,0.000444264764028771,0.000776904192175021,0,0,0.000433658866589186,0.000444264764028771,0,0,0.000433658866589186,0.000444264764028771,0,0.000433658866589186,0.000444264764028771,0.000433658866589186,0.000444264764028771,0.000444264764028771
"29",0.000324948576887708,0.000334905154860144,0.000338606884112632,0.000335236358394486,0.00104340567612688,0,0.000387580374480158,0,0,0,0.000334905154860144,0.000338606884112632,0.000335236358394486,0.00104340567612688,0,0.000387580374480158,0,0,0,0.000338606884112632,0.000335236358394486,0.00104340567612688,0,0.000387580374480158,0,0,0,0.000335236358394486,0.00104340567612688,0,0.000387580374480158,0,0,0,0.00104340567612688,0,0.000387580374480158,0,0,0,0,0.000387580374480158,0,0,0,0.000387580374480158,0,0,0,0,0,0,0,0,0
"30",0.000956415667656531,0.000324394112895639,0.000667385218084805,0.000334658581315342,0,0,0.000369789663639322,0.00038765549831176,0.000395502347306431,0.000415316886784617,0.000324394112895639,0.000667385218084805,0.000334658581315342,0,0,0.000369789663639322,0.00038765549831176,0.000395502347306431,0.000415316886784617,0.000667385218084805,0.000334658581315342,0,0,0.000369789663639322,0.00038765549831176,0.000395502347306431,0.000415316886784617,0.000334658581315342,0,0,0.000369789663639322,0.00038765549831176,0.000395502347306431,0.000415316886784617,0,0,0.000369789663639322,0.00038765549831176,0.000395502347306431,0.000415316886784617,0,0.000369789663639322,0.00038765549831176,0.000395502347306431,0.000415316886784617,0.000369789663639322,0.00038765549831176,0.000395502347306431,0.000415316886784617,0.00038765549831176,0.000395502347306431,0.000415316886784617,0.000395502347306431,0.000415316886784617,0.000415316886784617
"31",0,0.000625535614870233,0.00032310282101073,0,0.00066801829034079,0,0.000691873940568029,0,0,0,0.000625535614870233,0.00032310282101073,0,0.00066801829034079,0,0.000691873940568029,0,0,0,0.00032310282101073,0,0.00066801829034079,0,0.000691873940568029,0,0,0,0,0.00066801829034079,0,0.000691873940568029,0,0,0,0.00066801829034079,0,0.000691873940568029,0,0,0,0,0.000691873940568029,0,0,0,0.000691873940568029,0,0,0,0,0,0,0,0,0
"32",0,0.000908445535381246,0.000311542978911656,0.000321822804363917,0.00033125635598133,0.00033341001763739,0,0.000345996816829285,0.000377488370027423,0.00155202986105453,0.000908445535381246,0.000311542978911656,0.000321822804363917,0.00033125635598133,0.00033341001763739,0,0.000345996816829285,0.000377488370027423,0.00155202986105453,0.000311542978911656,0.000321822804363917,0.00033125635598133,0.00033341001763739,0,0.000345996816829285,0.000377488370027423,0.00155202986105453,0.000321822804363917,0.00033125635598133,0.00033341001763739,0,0.000345996816829285,0.000377488370027423,0.00155202986105453,0.00033125635598133,0.00033341001763739,0,0.000345996816829285,0.000377488370027423,0.00155202986105453,0.00033341001763739,0,0.000345996816829285,0.000377488370027423,0.00155202986105453,0,0.000345996816829285,0.000377488370027423,0.00155202986105453,0.000345996816829285,0.000377488370027423,0.00155202986105453,0.000377488370027423,0.00155202986105453,0.00155202986105453
"33",0.000566906279053947,0,0.000302890353691964,0,0,0,0.000332964852230199,0.000668686098684694,0,0,0,0.000302890353691964,0,0,0,0.000332964852230199,0.000668686098684694,0,0,0.000302890353691964,0,0,0,0.000332964852230199,0.000668686098684694,0,0,0,0,0,0.000332964852230199,0.000668686098684694,0,0,0,0,0.000332964852230199,0.000668686098684694,0,0,0,0.000332964852230199,0.000668686098684694,0,0,0.000332964852230199,0.000668686098684694,0,0,0.000668686098684694,0,0,0,0,0
"34",0.00056012105302758,0.000566511253746056,0,0.0011958539742712,0.000621045086019379,0.000319332722343391,0.000989393699540921,0.00033307575474966,0.00100358614783493,0.00103876677608343,0.000566511253746056,0,0.0011958539742712,0.000621045086019379,0.000319332722343391,0.000989393699540921,0.00033307575474966,0.00100358614783493,0.00103876677608343,0,0.0011958539742712,0.000621045086019379,0.000319332722343391,0.000989393699540921,0.00033307575474966,0.00100358614783493,0.00103876677608343,0.0011958539742712,0.000621045086019379,0.000319332722343391,0.000989393699540921,0.00033307575474966,0.00100358614783493,0.00103876677608343,0.000621045086019379,0.000319332722343391,0.000989393699540921,0.00033307575474966,0.00100358614783493,0.00103876677608343,0.000319332722343391,0.000989393699540921,0.00033307575474966,0.00100358614783493,0.00103876677608343,0.000989393699540921,0.00033307575474966,0.00100358614783493,0.00103876677608343,0.00033307575474966,0.00100358614783493,0.00103876677608343,0.00100358614783493,0.00103876677608343,0.00103876677608343
"35",0.000273057842302337,0.000281398186792674,0.000565762860497023,0.000580558264827458,0.000894833232913159,0.000616118270063121,0,0.000663221872463424,0.000336612808617288,0.000669469512358407,0.000281398186792674,0.000565762860497023,0.000580558264827458,0.000894833232913159,0.000616118270063121,0,0.000663221872463424,0.000336612808617288,0.000669469512358407,0.000565762860497023,0.000580558264827458,0.000894833232913159,0.000616118270063121,0,0.000663221872463424,0.000336612808617288,0.000669469512358407,0.000580558264827458,0.000894833232913159,0.000616118270063121,0,0.000663221872463424,0.000336612808617288,0.000669469512358407,0.000894833232913159,0.000616118270063121,0,0.000663221872463424,0.000336612808617288,0.000669469512358407,0.000616118270063121,0,0.000663221872463424,0.000336612808617288,0.000669469512358407,0,0.000663221872463424,0.000336612808617288,0.000669469512358407,0.000663221872463424,0.000336612808617288,0.000669469512358407,0.000336612808617288,0.000669469512358407,0.000669469512358407
"36",0.000257589222466932,0.000269884408507836,0.000556066828111402,0.00141563413910513,0.00087221853565809,0,0,0.00127620202278021,0.000990376838387006,0.000666895634167731,0.000269884408507836,0.000556066828111402,0.00141563413910513,0.00087221853565809,0,0,0.00127620202278021,0.000990376838387006,0.000666895634167731,0.000556066828111402,0.00141563413910513,0.00087221853565809,0,0,0.00127620202278021,0.000990376838387006,0.000666895634167731,0.00141563413910513,0.00087221853565809,0,0,0.00127620202278021,0.000990376838387006,0.000666895634167731,0.00087221853565809,0,0,0.00127620202278021,0.000990376838387006,0.000666895634167731,0,0,0.00127620202278021,0.000990376838387006,0.000666895634167731,0,0.00127620202278021,0.000990376838387006,0.000666895634167731,0.00127620202278021,0.000990376838387006,0.000666895634167731,0.000990376838387006,0.000666895634167731,0.000666895634167731
"37",0,0.000514958249759901,0.000538352211550885,0.000277571911943087,0.000282242700498158,0.000578506181338548,0,0.000307901680835276,0.000319407180273413,0.0003302706237491,0.000514958249759901,0.000538352211550885,0.000277571911943087,0.000282242700498158,0.000578506181338548,0,0.000307901680835276,0.000319407180273413,0.0003302706237491,0.000538352211550885,0.000277571911943087,0.000282242700498158,0.000578506181338548,0,0.000307901680835276,0.000319407180273413,0.0003302706237491,0.000277571911943087,0.000282242700498158,0.000578506181338548,0,0.000307901680835276,0.000319407180273413,0.0003302706237491,0.000282242700498158,0.000578506181338548,0,0.000307901680835276,0.000319407180273413,0.0003302706237491,0.000578506181338548,0,0.000307901680835276,0.000319407180273413,0.0003302706237491,0,0.000307901680835276,0.000319407180273413,0.0003302706237491,0.000307901680835276,0.000319407180273413,0.0003302706237491,0.000319407180273413,0.0003302706237491,0.0003302706237491
"38",0.000532652957955039,0.000513729418715163,0.000257106421489983,0.000536846456544964,0.000554096434943538,0.000563869498043373,0.000289149380352878,0.000898253462142483,0.000307980387808904,0.000958576705307959,0.000513729418715163,0.000257106421489983,0.000536846456544964,0.000554096434943538,0.000563869498043373,0.000289149380352878,0.000898253462142483,0.000307980387808904,0.000958576705307959,0.000257106421489983,0.000536846456544964,0.000554096434943538,0.000563869498043373,0.000289149380352878,0.000898253462142483,0.000307980387808904,0.000958576705307959,0.000536846456544964,0.000554096434943538,0.000563869498043373,0.000289149380352878,0.000898253462142483,0.000307980387808904,0.000958576705307959,0.000554096434943538,0.000563869498043373,0.000289149380352878,0.000898253462142483,0.000307980387808904,0.000958576705307959,0.000563869498043373,0.000289149380352878,0.000898253462142483,0.000307980387808904,0.000958576705307959,0.000289149380352878,0.000898253462142483,0.000307980387808904,0.000958576705307959,0.000898253462142483,0.000307980387808904,0.000958576705307959,0.000307980387808904,0.000958576705307959,0.000958576705307959
"39",0,0.000799015612765073,0.00128449841621345,0.000256789514770533,0,0.000555812107855201,0.000845837633007968,0,0,0.000308091404557904,0.000799015612765073,0.00128449841621345,0.000256789514770533,0,0.000555812107855201,0.000845837633007968,0,0,0.000308091404557904,0.00128449841621345,0.000256789514770533,0,0.000555812107855201,0.000845837633007968,0,0,0.000308091404557904,0.000256789514770533,0,0.000555812107855201,0.000845837633007968,0,0,0.000308091404557904,0,0.000555812107855201,0.000845837633007968,0,0,0.000308091404557904,0.000555812107855201,0.000845837633007968,0,0,0.000308091404557904,0.000845837633007968,0,0,0.000308091404557904,0,0,0.000308091404557904,0,0.000308091404557904,0.000308091404557904
"40",0.00119142882546457,0.00199264820675854,0.000266496819360461,0.0010303477230857,0.00103115789797693,0.000536775819985152,0.000552644958772686,0.00169326503831012,0.000868538076709283,0.00178927092419862,0.00199264820675854,0.000266496819360461,0.0010303477230857,0.00103115789797693,0.000536775819985152,0.000552644958772686,0.00169326503831012,0.000868538076709283,0.00178927092419862,0.000266496819360461,0.0010303477230857,0.00103115789797693,0.000536775819985152,0.000552644958772686,0.00169326503831012,0.000868538076709283,0.00178927092419862,0.0010303477230857,0.00103115789797693,0.000536775819985152,0.000552644958772686,0.00169326503831012,0.000868538076709283,0.00178927092419862,0.00103115789797693,0.000536775819985152,0.000552644958772686,0.00169326503831012,0.000868538076709283,0.00178927092419862,0.000536775819985152,0.000552644958772686,0.00169326503831012,0.000868538076709283,0.00178927092419862,0.000552644958772686,0.00169326503831012,0.000868538076709283,0.00178927092419862,0.00169326503831012,0.000868538076709283,0.00178927092419862,0.000868538076709283,0.00178927092419862,0.00178927092419862
"41",0.000889727209637525,0.00089026319147484,0,0.000799573560767591,0.00102809263114607,0,0.0005336748852599,0.00027651349662377,0.000564899942097756,0.000869671090393613,0.00089026319147484,0,0.000799573560767591,0.00102809263114607,0,0.0005336748852599,0.00027651349662377,0.000564899942097756,0.000869671090393613,0,0.000799573560767591,0.00102809263114607,0,0.0005336748852599,0.00027651349662377,0.000564899942097756,0.000869671090393613,0.000799573560767591,0.00102809263114607,0,0.0005336748852599,0.00027651349662377,0.000564899942097756,0.000869671090393613,0.00102809263114607,0,0.0005336748852599,0.00027651349662377,0.000564899942097756,0.000869671090393613,0,0.0005336748852599,0.00027651349662377,0.000564899942097756,0.000869671090393613,0.0005336748852599,0.00027651349662377,0.000564899942097756,0.000869671090393613,0.00027651349662377,0.000564899942097756,0.000869671090393613,0.000564899942097756,0.000869671090393613,0.000869671090393613
"42",0.000841196180969338,0.000296683963341729,0.000296734144011015,0.000283707259501356,0.000799799516921092,0.000257022497179178,0.000256299850320887,0.000266967806352232,0,0.00113347918751307,0.000296683963341729,0.000296734144011015,0.000283707259501356,0.000799799516921092,0.000257022497179178,0.000256299850320887,0.000266967806352232,0,0.00113347918751307,0.000296734144011015,0.000283707259501356,0.000799799516921092,0.000257022497179178,0.000256299850320887,0.000266967806352232,0,0.00113347918751307,0.000283707259501356,0.000799799516921092,0.000257022497179178,0.000256299850320887,0.000266967806352232,0,0.00113347918751307,0.000799799516921092,0.000257022497179178,0.000256299850320887,0.000266967806352232,0,0.00113347918751307,0.000257022497179178,0.000256299850320887,0.000266967806352232,0,0.00113347918751307,0.000256299850320887,0.000266967806352232,0,0.00113347918751307,0.000266967806352232,0,0.00113347918751307,0,0.00113347918751307,0.00113347918751307
"43",0.00126053730402584,0.00168878098674265,0.00118825528476538,0.000296801958892929,0.000851223207749536,0.000800251812570355,0.000771325213849916,0.000512753460444916,0.00133555213060631,0.00027679438882415,0.00168878098674265,0.00118825528476538,0.000296801958892929,0.000851223207749536,0.000800251812570355,0.000771325213849916,0.000512753460444916,0.00133555213060631,0.00027679438882415,0.00118825528476538,0.000296801958892929,0.000851223207749536,0.000800251812570355,0.000771325213849916,0.000512753460444916,0.00133555213060631,0.00027679438882415,0.000296801958892929,0.000851223207749536,0.000800251812570355,0.000771325213849916,0.000512753460444916,0.00133555213060631,0.00027679438882415,0.000851223207749536,0.000800251812570355,0.000771325213849916,0.000512753460444916,0.00133555213060631,0.00027679438882415,0.000800251812570355,0.000771325213849916,0.000512753460444916,0.00133555213060631,0.00027679438882415,0.000771325213849916,0.000512753460444916,0.00133555213060631,0.00027679438882415,0.000512753460444916,0.00133555213060631,0.00027679438882415,0.00133555213060631,0.00027679438882415,0.00027679438882415
"44",0.000975473348442332,0.00126273388199121,0.000562610060593104,0.000594829150197335,0.000296766726514623,0.000851215962001719,0.000536484982424111,0.000771888837715518,0.00179624891904306,0.000537515075827064,0.00126273388199121,0.000562610060593104,0.000594829150197335,0.000296766726514623,0.000851215962001719,0.000536484982424111,0.000771888837715518,0.00179624891904306,0.000537515075827064,0.000562610060593104,0.000594829150197335,0.000296766726514623,0.000851215962001719,0.000536484982424111,0.000771888837715518,0.00179624891904306,0.000537515075827064,0.000594829150197335,0.000296766726514623,0.000851215962001719,0.000536484982424111,0.000771888837715518,0.00179624891904306,0.000537515075827064,0.000296766726514623,0.000851215962001719,0.000536484982424111,0.000771888837715518,0.00179624891904306,0.000537515075827064,0.000851215962001719,0.000536484982424111,0.000771888837715518,0.00179624891904306,0.000537515075827064,0.000536484982424111,0.000771888837715518,0.00179624891904306,0.000537515075827064,0.000771888837715518,0.00179624891904306,0.000537515075827064,0.00179624891904306,0.000537515075827064,0.000537515075827064
"45",0.00256420484007909,0.000980526291786382,0.00189734750187841,0.000844730150953278,0.00148897710251012,0.000593649728850486,0.00142206730550888,0.000801436173623133,0.000514901241941796,0.000770249869057522,0.000980526291786382,0.00189734750187841,0.000844730150953278,0.00148897710251012,0.000593649728850486,0.00142206730550888,0.000801436173623133,0.000514901241941796,0.000770249869057522,0.00189734750187841,0.000844730150953278,0.00148897710251012,0.000593649728850486,0.00142206730550888,0.000801436173623133,0.000514901241941796,0.000770249869057522,0.000844730150953278,0.00148897710251012,0.000593649728850486,0.00142206730550888,0.000801436173623133,0.000514901241941796,0.000770249869057522,0.00148897710251012,0.000593649728850486,0.00142206730550888,0.000801436173623133,0.000514901241941796,0.000770249869057522,0.000593649728850486,0.00142206730550888,0.000801436173623133,0.000514901241941796,0.000770249869057522,0.00142206730550888,0.000801436173623133,0.000514901241941796,0.000770249869057522,0.000801436173623133,0.000514901241941796,0.000770249869057522,0.000514901241941796,0.000770249869057522,0.000770249869057522
"46",0.000288071533923304,0.000285346596243127,0.000977937724925677,0.000950495299627065,0.000281794920928345,0.000596281588017125,0.00148838259453903,0.00227464003821395,0.00134036781190974,0.00128847050819854,0.000285346596243127,0.000977937724925677,0.000950495299627065,0.000281794920928345,0.000596281588017125,0.00148838259453903,0.00227464003821395,0.00134036781190974,0.00128847050819854,0.000977937724925677,0.000950495299627065,0.000281794920928345,0.000596281588017125,0.00148838259453903,0.00227464003821395,0.00134036781190974,0.00128847050819854,0.000950495299627065,0.000281794920928345,0.000596281588017125,0.00148838259453903,0.00227464003821395,0.00134036781190974,0.00128847050819854,0.000281794920928345,0.000596281588017125,0.00148838259453903,0.00227464003821395,0.00134036781190974,0.00128847050819854,0.000596281588017125,0.00148838259453903,0.00227464003821395,0.00134036781190974,0.00128847050819854,0.00148838259453903,0.00227464003821395,0.00134036781190974,0.00128847050819854,0.00227464003821395,0.00134036781190974,0.00128847050819854,0.00134036781190974,0.00128847050819854,0.00128847050819854
"47",0.000853837287074327,0.00260103175221781,0.000571253930941112,0.0035899728793867,0.000947433245432582,0.000281964957395095,0.000298470042561828,0.000892219842969308,0.000569552303411903,0.0013391864710026,0.00260103175221781,0.000571253930941112,0.0035899728793867,0.000947433245432582,0.000281964957395095,0.000298470042561828,0.000892219842969308,0.000569552303411903,0.0013391864710026,0.000571253930941112,0.0035899728793867,0.000947433245432582,0.000281964957395095,0.000298470042561828,0.000892219842969308,0.000569552303411903,0.0013391864710026,0.0035899728793867,0.000947433245432582,0.000281964957395095,0.000298470042561828,0.000892219842969308,0.000569552303411903,0.0013391864710026,0.000947433245432582,0.000281964957395095,0.000298470042561828,0.000892219842969308,0.000569552303411903,0.0013391864710026,0.000281964957395095,0.000298470042561828,0.000892219842969308,0.000569552303411903,0.0013391864710026,0.000298470042561828,0.000892219842969308,0.000569552303411903,0.0013391864710026,0.000892219842969308,0.000569552303411903,0.0013391864710026,0.000569552303411903,0.0013391864710026,0.0013391864710026
"48",0.00170084872634448,0.00171220172019199,0.0011570893417608,0.00143199184337446,0.000980770362427341,0.000947540973250918,0.00197787935218103,0.00149465660264554,0,0.000569930468482845,0.00171220172019199,0.0011570893417608,0.00143199184337446,0.000980770362427341,0.000947540973250918,0.00197787935218103,0.00149465660264554,0,0.000569930468482845,0.0011570893417608,0.00143199184337446,0.000980770362427341,0.000947540973250918,0.00197787935218103,0.00149465660264554,0,0.000569930468482845,0.00143199184337446,0.000980770362427341,0.000947540973250918,0.00197787935218103,0.00149465660264554,0,0.000569930468482845,0.000980770362427341,0.000947540973250918,0.00197787935218103,0.00149465660264554,0,0.000569930468482845,0.000947540973250918,0.00197787935218103,0.00149465660264554,0,0.000569930468482845,0.00197787935218103,0.00149465660264554,0,0.000569930468482845,0.00149465660264554,0,0.000569930468482845,0,0.000569930468482845,0.000569930468482845
"49",0.0013969250884952,0.00084996911778872,0.00171370305524693,0.00116219083115483,0.00143688874867353,0.00229448635909857,0.00158111766045182,0.00169812386980109,0.00119679856384172,0.0011916359075648,0.00084996911778872,0.00171370305524693,0.00116219083115483,0.00143688874867353,0.00229448635909857,0.00158111766045182,0.00169812386980109,0.00119679856384172,0.0011916359075648,0.00171370305524693,0.00116219083115483,0.00143688874867353,0.00229448635909857,0.00158111766045182,0.00169812386980109,0.00119679856384172,0.0011916359075648,0.00116219083115483,0.00143688874867353,0.00229448635909857,0.00158111766045182,0.00169812386980109,0.00119679856384172,0.0011916359075648,0.00143688874867353,0.00229448635909857,0.00158111766045182,0.00169812386980109,0.00119679856384172,0.0011916359075648,0.00229448635909857,0.00158111766045182,0.00169812386980109,0.00119679856384172,0.0011916359075648,0.00158111766045182,0.00169812386980109,0.00119679856384172,0.0011916359075648,0.00169812386980109,0.00119679856384172,0.0011916359075648,0.00119679856384172,0.0011916359075648,0.0011916359075648
"50",0.00107837442450841,0.00281081927690625,0.00198660670005073,0.00143540122609571,0.000580752132086265,0.00172976576328069,0.00164277376283724,0.00159046985394291,0.00141441915462996,0.00239622833659819,0.00281081927690625,0.00198660670005073,0.00143540122609571,0.000580752132086265,0.00172976576328069,0.00164277376283724,0.00159046985394291,0.00141441915462996,0.00239622833659819,0.00198660670005073,0.00143540122609571,0.000580752132086265,0.00172976576328069,0.00164277376283724,0.00159046985394291,0.00141441915462996,0.00239622833659819,0.00143540122609571,0.000580752132086265,0.00172976576328069,0.00164277376283724,0.00159046985394291,0.00141441915462996,0.00239622833659819,0.000580752132086265,0.00172976576328069,0.00164277376283724,0.00159046985394291,0.00141441915462996,0.00239622833659819,0.00172976576328069,0.00164277376283724,0.00159046985394291,0.00141441915462996,0.00239622833659819,0.00164277376283724,0.00159046985394291,0.00141441915462996,0.00239622833659819,0.00159046985394291,0.00141441915462996,0.00239622833659819,0.00141441915462996,0.00239622833659819,0.00239622833659819
"51",0.00210314053232299,0.00215893184020674,0.00111951994984551,0.00198711352626193,0.00171966339234364,0.00145467240777377,0.00173066179816049,0.00164236513718676,0.00158681798562978,0.00226734876075219,0.00215893184020674,0.00111951994984551,0.00198711352626193,0.00171966339234364,0.00145467240777377,0.00173066179816049,0.00164236513718676,0.00158681798562978,0.00226734876075219,0.00111951994984551,0.00198711352626193,0.00171966339234364,0.00145467240777377,0.00173066179816049,0.00164236513718676,0.00158681798562978,0.00226734876075219,0.00198711352626193,0.00171966339234364,0.00145467240777377,0.00173066179816049,0.00164236513718676,0.00158681798562978,0.00226734876075219,0.00171966339234364,0.00145467240777377,0.00173066179816049,0.00164236513718676,0.00158681798562978,0.00226734876075219,0.00145467240777377,0.00173066179816049,0.00164236513718676,0.00158681798562978,0.00226734876075219,0.00173066179816049,0.00164236513718676,0.00158681798562978,0.00226734876075219,0.00164236513718676,0.00158681798562978,0.00226734876075219,0.00158681798562978,0.00226734876075219,0.00226734876075219
"52",0.00209345716132443,0.00263425637466382,0.003240369127336,0.001402720886542,0.00226960656370218,0.00114544585047923,0.000582728509700973,0.00144794187465208,0.00197484703164034,0.00191170529838189,0.00263425637466382,0.003240369127336,0.001402720886542,0.00226960656370218,0.00114544585047923,0.000582728509700973,0.00144794187465208,0.00197484703164034,0.00191170529838189,0.003240369127336,0.001402720886542,0.00226960656370218,0.00114544585047923,0.000582728509700973,0.00144794187465208,0.00197484703164034,0.00191170529838189,0.001402720886542,0.00226960656370218,0.00114544585047923,0.000582728509700973,0.00144794187465208,0.00197484703164034,0.00191170529838189,0.00226960656370218,0.00114544585047923,0.000582728509700973,0.00144794187465208,0.00197484703164034,0.00191170529838189,0.00114544585047923,0.000582728509700973,0.00144794187465208,0.00197484703164034,0.00191170529838189,0.000582728509700973,0.00144794187465208,0.00197484703164034,0.00191170529838189,0.00144794187465208,0.00197484703164034,0.00191170529838189,0.00197484703164034,0.00191170529838189,0.00191170529838189
"53",0.00281545616515981,0.00131271420037102,0.00263275675960298,0.00188640093565486,0.00168021573970098,0.00141881001566366,0.00172163879387887,0.0023400412570865,0.00173344774088423,0.00263746987514877,0.00131271420037102,0.00263275675960298,0.00188640093565486,0.00168021573970098,0.00141881001566366,0.00172163879387887,0.0023400412570865,0.00173344774088423,0.00263746987514877,0.00263275675960298,0.00188640093565486,0.00168021573970098,0.00141881001566366,0.00172163879387887,0.0023400412570865,0.00173344774088423,0.00263746987514877,0.00188640093565486,0.00168021573970098,0.00141881001566366,0.00172163879387887,0.0023400412570865,0.00173344774088423,0.00263746987514877,0.00168021573970098,0.00141881001566366,0.00172163879387887,0.0023400412570865,0.00173344774088423,0.00263746987514877,0.00141881001566366,0.00172163879387887,0.0023400412570865,0.00173344774088423,0.00263746987514877,0.00172163879387887,0.0023400412570865,0.00173344774088423,0.00263746987514877,0.0023400412570865,0.00173344774088423,0.00263746987514877,0.00173344774088423,0.00263746987514877,0.00263746987514877
"54",0.00561603130534914,0.00178734204364689,0.00236107398730628,0.00184714298889343,0.00161709811742827,0.00196325547527026,0.00256284947947447,0.00258646426602976,0.0017602596529189,0.00202964850309804,0.00178734204364689,0.00236107398730628,0.00184714298889343,0.00161709811742827,0.00196325547527026,0.00256284947947447,0.00258646426602976,0.0017602596529189,0.00202964850309804,0.00236107398730628,0.00184714298889343,0.00161709811742827,0.00196325547527026,0.00256284947947447,0.00258646426602976,0.0017602596529189,0.00202964850309804,0.00184714298889343,0.00161709811742827,0.00196325547527026,0.00256284947947447,0.00258646426602976,0.0017602596529189,0.00202964850309804,0.00161709811742827,0.00196325547527026,0.00256284947947447,0.00258646426602976,0.0017602596529189,0.00202964850309804,0.00196325547527026,0.00256284947947447,0.00258646426602976,0.0017602596529189,0.00202964850309804,0.00256284947947447,0.00258646426602976,0.0017602596529189,0.00202964850309804,0.00258646426602976,0.0017602596529189,0.00202964850309804,0.0017602596529189,0.00202964850309804,0.00202964850309804
"55",0.00411394317344065,0.0024500634522421,0.00204771011369642,0.00131046828273615,0.00343342659666203,0.00134843581445523,0.00196306080440623,0.00142687480241629,0.000575150617567976,0.00205274470415293,0.0024500634522421,0.00204771011369642,0.00131046828273615,0.00343342659666203,0.00134843581445523,0.00196306080440623,0.00142687480241629,0.000575150617567976,0.00205274470415293,0.00204771011369642,0.00131046828273615,0.00343342659666203,0.00134843581445523,0.00196306080440623,0.00142687480241629,0.000575150617567976,0.00205274470415293,0.00131046828273615,0.00343342659666203,0.00134843581445523,0.00196306080440623,0.00142687480241629,0.000575150617567976,0.00205274470415293,0.00343342659666203,0.00134843581445523,0.00196306080440623,0.00142687480241629,0.000575150617567976,0.00205274470415293,0.00134843581445523,0.00196306080440623,0.00142687480241629,0.000575150617567976,0.00205274470415293,0.00196306080440623,0.00142687480241629,0.000575150617567976,0.00205274470415293,0.00142687480241629,0.000575150617567976,0.00205274470415293,0.000575150617567976,0.00205274470415293,0.00205274470415293
"56",0.00213223652916384,0.00193904945423383,0.00122276594547931,0.00178614715300902,0.00183790274584243,0.00132014944091671,0.00107963378821904,0.00196572340025217,0.00114068332634665,0.00201832907689517,0.00193904945423383,0.00122276594547931,0.00178614715300902,0.00183790274584243,0.00132014944091671,0.00107963378821904,0.00196572340025217,0.00114068332634665,0.00201832907689517,0.00122276594547931,0.00178614715300902,0.00183790274584243,0.00132014944091671,0.00107963378821904,0.00196572340025217,0.00114068332634665,0.00201832907689517,0.00178614715300902,0.00183790274584243,0.00132014944091671,0.00107963378821904,0.00196572340025217,0.00114068332634665,0.00201832907689517,0.00183790274584243,0.00132014944091671,0.00107963378821904,0.00196572340025217,0.00114068332634665,0.00201832907689517,0.00132014944091671,0.00107963378821904,0.00196572340025217,0.00114068332634665,0.00201832907689517,0.00107963378821904,0.00196572340025217,0.00114068332634665,0.00201832907689517,0.00196572340025217,0.00114068332634665,0.00201832907689517,0.00114068332634665,0.00201832907689517,0.00201832907689517
"57",0.00180247080267333,0.00379266750948167,0.00266385750784022,0.00220338112624322,0.00306210718906215,0.00340989867354942,0.00211618377998037,0.00324650729923058,0.0025335270073979,0.00228944796007614,0.00379266750948167,0.00266385750784022,0.00220338112624322,0.00306210718906215,0.00340989867354942,0.00211618377998037,0.00324650729923058,0.0025335270073979,0.00228944796007614,0.00266385750784022,0.00220338112624322,0.00306210718906215,0.00340989867354942,0.00211618377998037,0.00324650729923058,0.0025335270073979,0.00228944796007614,0.00220338112624322,0.00306210718906215,0.00340989867354942,0.00211618377998037,0.00324650729923058,0.0025335270073979,0.00228944796007614,0.00306210718906215,0.00340989867354942,0.00211618377998037,0.00324650729923058,0.0025335270073979,0.00228944796007614,0.00340989867354942,0.00211618377998037,0.00324650729923058,0.0025335270073979,0.00228944796007614,0.00211618377998037,0.00324650729923058,0.0025335270073979,0.00228944796007614,0.00324650729923058,0.0025335270073979,0.00228944796007614,0.0025335270073979,0.00228944796007614,0.00228944796007614
"58",0.00174895882295071,0.00270688060698929,0.00165820979670348,0.00194026126913919,0.0049005081736362,0.00281557593999576,0.00289358391787583,0.00425079138485052,0.00244181692884545,0.00225982643630167,0.00270688060698929,0.00165820979670348,0.00194026126913919,0.0049005081736362,0.00281557593999576,0.00289358391787583,0.00425079138485052,0.00244181692884545,0.00225982643630167,0.00165820979670348,0.00194026126913919,0.0049005081736362,0.00281557593999576,0.00289358391787583,0.00425079138485052,0.00244181692884545,0.00225982643630167,0.00194026126913919,0.0049005081736362,0.00281557593999576,0.00289358391787583,0.00425079138485052,0.00244181692884545,0.00225982643630167,0.0049005081736362,0.00281557593999576,0.00289358391787583,0.00425079138485052,0.00244181692884545,0.00225982643630167,0.00281557593999576,0.00289358391787583,0.00425079138485052,0.00244181692884545,0.00225982643630167,0.00289358391787583,0.00425079138485052,0.00244181692884545,0.00225982643630167,0.00425079138485052,0.00244181692884545,0.00225982643630167,0.00244181692884545,0.00225982643630167,0.00225982643630167
"59",0.00422622878182068,0.00395195473971835,0.00337997595060416,0.00308652941914975,0.00242699614978033,0.00196389473916487,0.00435879553659337,0.0023767066917087,0.00319723562907807,0.00245074039016005,0.00395195473971835,0.00337997595060416,0.00308652941914975,0.00242699614978033,0.00196389473916487,0.00435879553659337,0.0023767066917087,0.00319723562907807,0.00245074039016005,0.00337997595060416,0.00308652941914975,0.00242699614978033,0.00196389473916487,0.00435879553659337,0.0023767066917087,0.00319723562907807,0.00245074039016005,0.00308652941914975,0.00242699614978033,0.00196389473916487,0.00435879553659337,0.0023767066917087,0.00319723562907807,0.00245074039016005,0.00242699614978033,0.00196389473916487,0.00435879553659337,0.0023767066917087,0.00319723562907807,0.00245074039016005,0.00196389473916487,0.00435879553659337,0.0023767066917087,0.00319723562907807,0.00245074039016005,0.00435879553659337,0.0023767066917087,0.00319723562907807,0.00245074039016005,0.0023767066917087,0.00319723562907807,0.00245074039016005,0.00319723562907807,0.00245074039016005,0.00245074039016005
"60",0.00385890621297386,0.00275555968478931,0.00350843360820811,0.00270914754260935,0.00380609306679622,0.00267205280092722,0.00246296951123684,0.00257629245290296,0.00264771386703768,0.00267603188804465,0.00275555968478931,0.00350843360820811,0.00270914754260935,0.00380609306679622,0.00267205280092722,0.00246296951123684,0.00257629245290296,0.00264771386703768,0.00267603188804465,0.00350843360820811,0.00270914754260935,0.00380609306679622,0.00267205280092722,0.00246296951123684,0.00257629245290296,0.00264771386703768,0.00267603188804465,0.00270914754260935,0.00380609306679622,0.00267205280092722,0.00246296951123684,0.00257629245290296,0.00264771386703768,0.00267603188804465,0.00380609306679622,0.00267205280092722,0.00246296951123684,0.00257629245290296,0.00264771386703768,0.00267603188804465,0.00267205280092722,0.00246296951123684,0.00257629245290296,0.00264771386703768,0.00267603188804465,0.00246296951123684,0.00257629245290296,0.00264771386703768,0.00267603188804465,0.00257629245290296,0.00264771386703768,0.00267603188804465,0.00264771386703768,0.00267603188804465,0.00267603188804465
"61",0.00421600434775448,0.00328574818782209,0.00360066642986418,0.00307602585352592,0.00293226027644448,0.00261330864812903,0.00242931306314513,0.00221566822091689,0.00386858661278309,0.00478393955564051,0.00328574818782209,0.00360066642986418,0.00307602585352592,0.00293226027644448,0.00261330864812903,0.00242931306314513,0.00221566822091689,0.00386858661278309,0.00478393955564051,0.00360066642986418,0.00307602585352592,0.00293226027644448,0.00261330864812903,0.00242931306314513,0.00221566822091689,0.00386858661278309,0.00478393955564051,0.00307602585352592,0.00293226027644448,0.00261330864812903,0.00242931306314513,0.00221566822091689,0.00386858661278309,0.00478393955564051,0.00293226027644448,0.00261330864812903,0.00242931306314513,0.00221566822091689,0.00386858661278309,0.00478393955564051,0.00261330864812903,0.00242931306314513,0.00221566822091689,0.00386858661278309,0.00478393955564051,0.00242931306314513,0.00221566822091689,0.00386858661278309,0.00478393955564051,0.00221566822091689,0.00386858661278309,0.00478393955564051,0.00386858661278309,0.00478393955564051,0.00478393955564051
"62",0.00376347623389196,0.00367077055026738,0.0036773804368001,0.00402698780888225,0.00482753626686621,0.00633177411700902,0.0026200436911918,0.00219378872913648,0.00321157648661925,0.00284609379442982,0.00367077055026738,0.0036773804368001,0.00402698780888225,0.00482753626686621,0.00633177411700902,0.0026200436911918,0.00219378872913648,0.00321157648661925,0.00284609379442982,0.0036773804368001,0.00402698780888225,0.00482753626686621,0.00633177411700902,0.0026200436911918,0.00219378872913648,0.00321157648661925,0.00284609379442982,0.00402698780888225,0.00482753626686621,0.00633177411700902,0.0026200436911918,0.00219378872913648,0.00321157648661925,0.00284609379442982,0.00482753626686621,0.00633177411700902,0.0026200436911918,0.00219378872913648,0.00321157648661925,0.00284609379442982,0.00633177411700902,0.0026200436911918,0.00219378872913648,0.00321157648661925,0.00284609379442982,0.0026200436911918,0.00219378872913648,0.00321157648661925,0.00284609379442982,0.00219378872913648,0.00321157648661925,0.00284609379442982,0.00321157648661925,0.00284609379442982,0.00284609379442982
"63",0.00419524414830956,0.00376744535981642,0.00367330529554412,0.00251872575726459,0.00382579674021736,0.00396148059512393,0.00249314950510982,0.00525480178104595,0.0022001124501919,0.00198029605426011,0.00376744535981642,0.00367330529554412,0.00251872575726459,0.00382579674021736,0.00396148059512393,0.00249314950510982,0.00525480178104595,0.0022001124501919,0.00198029605426011,0.00367330529554412,0.00251872575726459,0.00382579674021736,0.00396148059512393,0.00249314950510982,0.00525480178104595,0.0022001124501919,0.00198029605426011,0.00251872575726459,0.00382579674021736,0.00396148059512393,0.00249314950510982,0.00525480178104595,0.0022001124501919,0.00198029605426011,0.00382579674021736,0.00396148059512393,0.00249314950510982,0.00525480178104595,0.0022001124501919,0.00198029605426011,0.00396148059512393,0.00249314950510982,0.00525480178104595,0.0022001124501919,0.00198029605426011,0.00249314950510982,0.00525480178104595,0.0022001124501919,0.00198029605426011,0.00525480178104595,0.0022001124501919,0.00198029605426011,0.0022001124501919,0.00198029605426011,0.00198029605426011
"64",0.00340335822740986,0.0067808566349853,0.00434597100923944,0.00478281496519082,0.00349766401850928,0.00447595372080946,0.0035322202022698,0.00341452983675772,0.00431958194501043,0.00392652490275716,0.0067808566349853,0.00434597100923944,0.00478281496519082,0.00349766401850928,0.00447595372080946,0.0035322202022698,0.00341452983675772,0.00431958194501043,0.00392652490275716,0.00434597100923944,0.00478281496519082,0.00349766401850928,0.00447595372080946,0.0035322202022698,0.00341452983675772,0.00431958194501043,0.00392652490275716,0.00478281496519082,0.00349766401850928,0.00447595372080946,0.0035322202022698,0.00341452983675772,0.00431958194501043,0.00392652490275716,0.00349766401850928,0.00447595372080946,0.0035322202022698,0.00341452983675772,0.00431958194501043,0.00392652490275716,0.00447595372080946,0.0035322202022698,0.00341452983675772,0.00431958194501043,0.00392652490275716,0.0035322202022698,0.00341452983675772,0.00431958194501043,0.00392652490275716,0.00341452983675772,0.00431958194501043,0.00392652490275716,0.00431958194501043,0.00392652490275716,0.00392652490275716
"65",0.00579275081916958,0.00279233517939436,0.00728535886964277,0.00569348462872906,0.00332266934003642,0.00389418557808513,0.00427591391786486,0.00642881669454259,0.0034309350268106,0.00409555164892248,0.00279233517939436,0.00728535886964277,0.00569348462872906,0.00332266934003642,0.00389418557808513,0.00427591391786486,0.00642881669454259,0.0034309350268106,0.00409555164892248,0.00728535886964277,0.00569348462872906,0.00332266934003642,0.00389418557808513,0.00427591391786486,0.00642881669454259,0.0034309350268106,0.00409555164892248,0.00569348462872906,0.00332266934003642,0.00389418557808513,0.00427591391786486,0.00642881669454259,0.0034309350268106,0.00409555164892248,0.00332266934003642,0.00389418557808513,0.00427591391786486,0.00642881669454259,0.0034309350268106,0.00409555164892248,0.00389418557808513,0.00427591391786486,0.00642881669454259,0.0034309350268106,0.00409555164892248,0.00427591391786486,0.00642881669454259,0.0034309350268106,0.00409555164892248,0.00642881669454259,0.0034309350268106,0.00409555164892248,0.0034309350268106,0.00409555164892248,0.00409555164892248
"66",0.00623066702651083,0.00464809941478049,0.00560715075171935,0.00662096789432907,0.00552561903873644,0.00462511451960871,0.00371413284176076,0.00558879921331693,0.00311523706954099,0.00504577170289066,0.00464809941478049,0.00560715075171935,0.00662096789432907,0.00552561903873644,0.00462511451960871,0.00371413284176076,0.00558879921331693,0.00311523706954099,0.00504577170289066,0.00560715075171935,0.00662096789432907,0.00552561903873644,0.00462511451960871,0.00371413284176076,0.00558879921331693,0.00311523706954099,0.00504577170289066,0.00662096789432907,0.00552561903873644,0.00462511451960871,0.00371413284176076,0.00558879921331693,0.00311523706954099,0.00504577170289066,0.00552561903873644,0.00462511451960871,0.00371413284176076,0.00558879921331693,0.00311523706954099,0.00504577170289066,0.00462511451960871,0.00371413284176076,0.00558879921331693,0.00311523706954099,0.00504577170289066,0.00371413284176076,0.00558879921331693,0.00311523706954099,0.00504577170289066,0.00558879921331693,0.00311523706954099,0.00504577170289066,0.00311523706954099,0.00504577170289066,0.00504577170289066
"67",0.00338759738366038,0.00705424597803665,0.00555009522365163,0.0059481717428988,0.00546518173332478,0.00746242960333007,0.00501133206473558,0.00648543574941831,0.00453696405627477,0.00693275008777756,0.00705424597803665,0.00555009522365163,0.0059481717428988,0.00546518173332478,0.00746242960333007,0.00501133206473558,0.00648543574941831,0.00453696405627477,0.00693275008777756,0.00555009522365163,0.0059481717428988,0.00546518173332478,0.00746242960333007,0.00501133206473558,0.00648543574941831,0.00453696405627477,0.00693275008777756,0.0059481717428988,0.00546518173332478,0.00746242960333007,0.00501133206473558,0.00648543574941831,0.00453696405627477,0.00693275008777756,0.00546518173332478,0.00746242960333007,0.00501133206473558,0.00648543574941831,0.00453696405627477,0.00693275008777756,0.00746242960333007,0.00501133206473558,0.00648543574941831,0.00453696405627477,0.00693275008777756,0.00501133206473558,0.00648543574941831,0.00453696405627477,0.00693275008777756,0.00648543574941831,0.00453696405627477,0.00693275008777756,0.00453696405627477,0.00693275008777756,0.00693275008777756
"68",0.00660367774052626,0.00735255583854773,0.00578134891136753,0.00587035923312748,0.00535152810967174,0.00716797920330301,0.00674431682497131,0.00634825907760019,0.00473684002856703,0.00543165600380346,0.00735255583854773,0.00578134891136753,0.00587035923312748,0.00535152810967174,0.00716797920330301,0.00674431682497131,0.00634825907760019,0.00473684002856703,0.00543165600380346,0.00578134891136753,0.00587035923312748,0.00535152810967174,0.00716797920330301,0.00674431682497131,0.00634825907760019,0.00473684002856703,0.00543165600380346,0.00587035923312748,0.00535152810967174,0.00716797920330301,0.00674431682497131,0.00634825907760019,0.00473684002856703,0.00543165600380346,0.00535152810967174,0.00716797920330301,0.00674431682497131,0.00634825907760019,0.00473684002856703,0.00543165600380346,0.00716797920330301,0.00674431682497131,0.00634825907760019,0.00473684002856703,0.00543165600380346,0.00674431682497131,0.00634825907760019,0.00473684002856703,0.00543165600380346,0.00634825907760019,0.00473684002856703,0.00543165600380346,0.00473684002856703,0.00543165600380346,0.00543165600380346
"69",0.00568395946371507,0.00665323250046611,0.0100452763441002,0.00715111832163094,0.006495692175053,0.0085519066857483,0.00481228250334888,0.00737061678996262,0.00807182630465749,0.0061598870852796,0.00665323250046611,0.0100452763441002,0.00715111832163094,0.006495692175053,0.0085519066857483,0.00481228250334888,0.00737061678996262,0.00807182630465749,0.0061598870852796,0.0100452763441002,0.00715111832163094,0.006495692175053,0.0085519066857483,0.00481228250334888,0.00737061678996262,0.00807182630465749,0.0061598870852796,0.00715111832163094,0.006495692175053,0.0085519066857483,0.00481228250334888,0.00737061678996262,0.00807182630465749,0.0061598870852796,0.006495692175053,0.0085519066857483,0.00481228250334888,0.00737061678996262,0.00807182630465749,0.0061598870852796,0.0085519066857483,0.00481228250334888,0.00737061678996262,0.00807182630465749,0.0061598870852796,0.00481228250334888,0.00737061678996262,0.00807182630465749,0.0061598870852796,0.00737061678996262,0.00807182630465749,0.0061598870852796,0.00807182630465749,0.0061598870852796,0.0061598870852796
"70",0.00426528844652061,0.0101488041135378,0.00772869525829233,0.00745770110108885,0.00693218285196874,0.00803998584677048,0.00541842263696568,0.00921434559489831,0.00644906759997813,0.00699584822297518,0.0101488041135378,0.00772869525829233,0.00745770110108885,0.00693218285196874,0.00803998584677048,0.00541842263696568,0.00921434559489831,0.00644906759997813,0.00699584822297518,0.00772869525829233,0.00745770110108885,0.00693218285196874,0.00803998584677048,0.00541842263696568,0.00921434559489831,0.00644906759997813,0.00699584822297518,0.00745770110108885,0.00693218285196874,0.00803998584677048,0.00541842263696568,0.00921434559489831,0.00644906759997813,0.00699584822297518,0.00693218285196874,0.00803998584677048,0.00541842263696568,0.00921434559489831,0.00644906759997813,0.00699584822297518,0.00803998584677048,0.00541842263696568,0.00921434559489831,0.00644906759997813,0.00699584822297518,0.00541842263696568,0.00921434559489831,0.00644906759997813,0.00699584822297518,0.00921434559489831,0.00644906759997813,0.00699584822297518,0.00644906759997813,0.00699584822297518,0.00699584822297518
"71",0.00587075536465576,0.00629813256368858,0.00732726259643028,0.00908201833006042,0.0075099471273983,0.00833805814337806,0.0080998977391659,0.0054637085765128,0.00756789999926786,0.00806473815657509,0.00629813256368858,0.00732726259643028,0.00908201833006042,0.0075099471273983,0.00833805814337806,0.0080998977391659,0.0054637085765128,0.00756789999926786,0.00806473815657509,0.00732726259643028,0.00908201833006042,0.0075099471273983,0.00833805814337806,0.0080998977391659,0.0054637085765128,0.00756789999926786,0.00806473815657509,0.00908201833006042,0.0075099471273983,0.00833805814337806,0.0080998977391659,0.0054637085765128,0.00756789999926786,0.00806473815657509,0.0075099471273983,0.00833805814337806,0.0080998977391659,0.0054637085765128,0.00756789999926786,0.00806473815657509,0.00833805814337806,0.0080998977391659,0.0054637085765128,0.00756789999926786,0.00806473815657509,0.0080998977391659,0.0054637085765128,0.00756789999926786,0.00806473815657509,0.0054637085765128,0.00756789999926786,0.00806473815657509,0.00756789999926786,0.00806473815657509,0.00806473815657509
"72",0.0110186697030894,0.00562721893491124,0.00748513768334989,0.00844646744508213,0.0112530938813101,0.00892391430663997,0.00894253931307007,0.00968039289761995,0.00908269039464176,0.00862124143907279,0.00562721893491124,0.00748513768334989,0.00844646744508213,0.0112530938813101,0.00892391430663997,0.00894253931307007,0.00968039289761995,0.00908269039464176,0.00862124143907279,0.00748513768334989,0.00844646744508213,0.0112530938813101,0.00892391430663997,0.00894253931307007,0.00968039289761995,0.00908269039464176,0.00862124143907279,0.00844646744508213,0.0112530938813101,0.00892391430663997,0.00894253931307007,0.00968039289761995,0.00908269039464176,0.00862124143907279,0.0112530938813101,0.00892391430663997,0.00894253931307007,0.00968039289761995,0.00908269039464176,0.00862124143907279,0.00892391430663997,0.00894253931307007,0.00968039289761995,0.00908269039464176,0.00862124143907279,0.00894253931307007,0.00968039289761995,0.00908269039464176,0.00862124143907279,0.00968039289761995,0.00908269039464176,0.00862124143907279,0.00908269039464176,0.00862124143907279,0.00862124143907279
"73",0.00937454893529738,0.0122216319361624,0.0122580433139439,0.0075662152924236,0.00746115645262219,0.0111042126259891,0.0106599733432386,0.00902498469878465,0.00853903537251961,0.0114591616029738,0.0122216319361624,0.0122580433139439,0.0075662152924236,0.00746115645262219,0.0111042126259891,0.0106599733432386,0.00902498469878465,0.00853903537251961,0.0114591616029738,0.0122580433139439,0.0075662152924236,0.00746115645262219,0.0111042126259891,0.0106599733432386,0.00902498469878465,0.00853903537251961,0.0114591616029738,0.0075662152924236,0.00746115645262219,0.0111042126259891,0.0106599733432386,0.00902498469878465,0.00853903537251961,0.0114591616029738,0.00746115645262219,0.0111042126259891,0.0106599733432386,0.00902498469878465,0.00853903537251961,0.0114591616029738,0.0111042126259891,0.0106599733432386,0.00902498469878465,0.00853903537251961,0.0114591616029738,0.0106599733432386,0.00902498469878465,0.00853903537251961,0.0114591616029738,0.00902498469878465,0.00853903537251961,0.0114591616029738,0.00853903537251961,0.0114591616029738,0.0114591616029738
"74",0.0120900447807405,0.0107668604889235,0.0104214622382988,0.00815725201440652,0.00615729243327401,0.0112748953716554,0.0114901390995919,0.0107714572953147,0.0107606945087917,0.00985106422278182,0.0107668604889235,0.0104214622382988,0.00815725201440652,0.00615729243327401,0.0112748953716554,0.0114901390995919,0.0107714572953147,0.0107606945087917,0.00985106422278182,0.0104214622382988,0.00815725201440652,0.00615729243327401,0.0112748953716554,0.0114901390995919,0.0107714572953147,0.0107606945087917,0.00985106422278182,0.00815725201440652,0.00615729243327401,0.0112748953716554,0.0114901390995919,0.0107714572953147,0.0107606945087917,0.00985106422278182,0.00615729243327401,0.0112748953716554,0.0114901390995919,0.0107714572953147,0.0107606945087917,0.00985106422278182,0.0112748953716554,0.0114901390995919,0.0107714572953147,0.0107606945087917,0.00985106422278182,0.0114901390995919,0.0107714572953147,0.0107606945087917,0.00985106422278182,0.0107714572953147,0.0107606945087917,0.00985106422278182,0.0107606945087917,0.00985106422278182,0.00985106422278182
"75",0.0128159459992773,0.0109562284938238,0.0108557245027365,0.0124534241383984,0.0116010767850276,0.00860211228987518,0.0130363018384389,0.00864846761146179,0.0106117231350636,0.0150642223325283,0.0109562284938238,0.0108557245027365,0.0124534241383984,0.0116010767850276,0.00860211228987518,0.0130363018384389,0.00864846761146179,0.0106117231350636,0.0150642223325283,0.0108557245027365,0.0124534241383984,0.0116010767850276,0.00860211228987518,0.0130363018384389,0.00864846761146179,0.0106117231350636,0.0150642223325283,0.0124534241383984,0.0116010767850276,0.00860211228987518,0.0130363018384389,0.00864846761146179,0.0106117231350636,0.0150642223325283,0.0116010767850276,0.00860211228987518,0.0130363018384389,0.00864846761146179,0.0106117231350636,0.0150642223325283,0.00860211228987518,0.0130363018384389,0.00864846761146179,0.0106117231350636,0.0150642223325283,0.0130363018384389,0.00864846761146179,0.0106117231350636,0.0150642223325283,0.00864846761146179,0.0106117231350636,0.0150642223325283,0.0106117231350636,0.0150642223325283,0.0150642223325283
"76",0.0144104209507197,0.010637250329094,0.013382323805407,0.0130752099039095,0.0125991613621986,0.0139059557257093,0.011409969847437,0.0109825558254759,0.0114701818956243,0.0107388655960763,0.010637250329094,0.013382323805407,0.0130752099039095,0.0125991613621986,0.0139059557257093,0.011409969847437,0.0109825558254759,0.0114701818956243,0.0107388655960763,0.013382323805407,0.0130752099039095,0.0125991613621986,0.0139059557257093,0.011409969847437,0.0109825558254759,0.0114701818956243,0.0107388655960763,0.0130752099039095,0.0125991613621986,0.0139059557257093,0.011409969847437,0.0109825558254759,0.0114701818956243,0.0107388655960763,0.0125991613621986,0.0139059557257093,0.011409969847437,0.0109825558254759,0.0114701818956243,0.0107388655960763,0.0139059557257093,0.011409969847437,0.0109825558254759,0.0114701818956243,0.0107388655960763,0.011409969847437,0.0109825558254759,0.0114701818956243,0.0107388655960763,0.0109825558254759,0.0114701818956243,0.0107388655960763,0.0114701818956243,0.0107388655960763,0.0107388655960763
"77",0.0172865621392088,0.0197900538129216,0.0160357552937962,0.0146198754100585,0.0143122415624528,0.0144803725957104,0.0150290754082763,0.0145889601492315,0.0158784527002002,0.0155114743930533,0.0197900538129216,0.0160357552937962,0.0146198754100585,0.0143122415624528,0.0144803725957104,0.0150290754082763,0.0145889601492315,0.0158784527002002,0.0155114743930533,0.0160357552937962,0.0146198754100585,0.0143122415624528,0.0144803725957104,0.0150290754082763,0.0145889601492315,0.0158784527002002,0.0155114743930533,0.0146198754100585,0.0143122415624528,0.0144803725957104,0.0150290754082763,0.0145889601492315,0.0158784527002002,0.0155114743930533,0.0143122415624528,0.0144803725957104,0.0150290754082763,0.0145889601492315,0.0158784527002002,0.0155114743930533,0.0144803725957104,0.0150290754082763,0.0145889601492315,0.0158784527002002,0.0155114743930533,0.0150290754082763,0.0145889601492315,0.0158784527002002,0.0155114743930533,0.0145889601492315,0.0158784527002002,0.0155114743930533,0.0158784527002002,0.0155114743930533,0.0155114743930533
"78",0.0180844993325467,0.0156947455681673,0.0192464641079824,0.015491870906416,0.0182784424002669,0.0174753941505002,0.0164420376361759,0.0190998902305159,0.0176172941714342,0.0190157424478797,0.0156947455681673,0.0192464641079824,0.015491870906416,0.0182784424002669,0.0174753941505002,0.0164420376361759,0.0190998902305159,0.0176172941714342,0.0190157424478797,0.0192464641079824,0.015491870906416,0.0182784424002669,0.0174753941505002,0.0164420376361759,0.0190998902305159,0.0176172941714342,0.0190157424478797,0.015491870906416,0.0182784424002669,0.0174753941505002,0.0164420376361759,0.0190998902305159,0.0176172941714342,0.0190157424478797,0.0182784424002669,0.0174753941505002,0.0164420376361759,0.0190998902305159,0.0176172941714342,0.0190157424478797,0.0174753941505002,0.0164420376361759,0.0190998902305159,0.0176172941714342,0.0190157424478797,0.0164420376361759,0.0190998902305159,0.0176172941714342,0.0190157424478797,0.0190998902305159,0.0176172941714342,0.0190157424478797,0.0176172941714342,0.0190157424478797,0.0190157424478797
"79",0.0248064743138635,0.0240061339347821,0.0148755279852462,0.0172875714042771,0.0184571724686163,0.0158892143980355,0.0188564809249566,0.0176024635237187,0.0181266242277333,0.0179466354387025,0.0240061339347821,0.0148755279852462,0.0172875714042771,0.0184571724686163,0.0158892143980355,0.0188564809249566,0.0176024635237187,0.0181266242277333,0.0179466354387025,0.0148755279852462,0.0172875714042771,0.0184571724686163,0.0158892143980355,0.0188564809249566,0.0176024635237187,0.0181266242277333,0.0179466354387025,0.0172875714042771,0.0184571724686163,0.0158892143980355,0.0188564809249566,0.0176024635237187,0.0181266242277333,0.0179466354387025,0.0184571724686163,0.0158892143980355,0.0188564809249566,0.0176024635237187,0.0181266242277333,0.0179466354387025,0.0158892143980355,0.0188564809249566,0.0176024635237187,0.0181266242277333,0.0179466354387025,0.0188564809249566,0.0176024635237187,0.0181266242277333,0.0179466354387025,0.0176024635237187,0.0181266242277333,0.0179466354387025,0.0181266242277333,0.0179466354387025,0.0179466354387025
"80",0.0228691925719339,0.024825158630911,0.0215468616644634,0.0228942375573597,0.0238615225139514,0.0229583723946451,0.023127337988896,0.021493373667129,0.0194474926668241,0.019791663231759,0.024825158630911,0.0215468616644634,0.0228942375573597,0.0238615225139514,0.0229583723946451,0.023127337988896,0.021493373667129,0.0194474926668241,0.019791663231759,0.0215468616644634,0.0228942375573597,0.0238615225139514,0.0229583723946451,0.023127337988896,0.021493373667129,0.0194474926668241,0.019791663231759,0.0228942375573597,0.0238615225139514,0.0229583723946451,0.023127337988896,0.021493373667129,0.0194474926668241,0.019791663231759,0.0238615225139514,0.0229583723946451,0.023127337988896,0.021493373667129,0.0194474926668241,0.019791663231759,0.0229583723946451,0.023127337988896,0.021493373667129,0.0194474926668241,0.019791663231759,0.023127337988896,0.021493373667129,0.0194474926668241,0.019791663231759,0.021493373667129,0.0194474926668241,0.019791663231759,0.0194474926668241,0.019791663231759,0.019791663231759
"81",0.0240314646539419,0.0234240306601343,0.0228335541625377,0.0250674670925814,0.0260024637779435,0.0273302830698751,0.0226313824853517,0.0239314170562359,0.0294337789966861,0.0226342984682178,0.0234240306601343,0.0228335541625377,0.0250674670925814,0.0260024637779435,0.0273302830698751,0.0226313824853517,0.0239314170562359,0.0294337789966861,0.0226342984682178,0.0228335541625377,0.0250674670925814,0.0260024637779435,0.0273302830698751,0.0226313824853517,0.0239314170562359,0.0294337789966861,0.0226342984682178,0.0250674670925814,0.0260024637779435,0.0273302830698751,0.0226313824853517,0.0239314170562359,0.0294337789966861,0.0226342984682178,0.0260024637779435,0.0273302830698751,0.0226313824853517,0.0239314170562359,0.0294337789966861,0.0226342984682178,0.0273302830698751,0.0226313824853517,0.0239314170562359,0.0294337789966861,0.0226342984682178,0.0226313824853517,0.0239314170562359,0.0294337789966861,0.0226342984682178,0.0239314170562359,0.0294337789966861,0.0226342984682178,0.0294337789966861,0.0226342984682178,0.0226342984682178
"82",0.0229268306657461,0.0315740286843772,0.0370337419175236,0.0335786740125396,0.0259958142333014,0.025192642810414,0.027416726497076,0.0310753247054929,0.0260445900045713,0.0320218746145216,0.0315740286843772,0.0370337419175236,0.0335786740125396,0.0259958142333014,0.025192642810414,0.027416726497076,0.0310753247054929,0.0260445900045713,0.0320218746145216,0.0370337419175236,0.0335786740125396,0.0259958142333014,0.025192642810414,0.027416726497076,0.0310753247054929,0.0260445900045713,0.0320218746145216,0.0335786740125396,0.0259958142333014,0.025192642810414,0.027416726497076,0.0310753247054929,0.0260445900045713,0.0320218746145216,0.0259958142333014,0.025192642810414,0.027416726497076,0.0310753247054929,0.0260445900045713,0.0320218746145216,0.025192642810414,0.027416726497076,0.0310753247054929,0.0260445900045713,0.0320218746145216,0.027416726497076,0.0310753247054929,0.0260445900045713,0.0320218746145216,0.0310753247054929,0.0260445900045713,0.0320218746145216,0.0260445900045713,0.0320218746145216,0.0320218746145216
"83",0.0409629710514183,0.0332050974503863,0.0394841099085678,0.0384477878742738,0.0379958283511899,0.0358959847839531,0.0367996506665151,0.0341783528890312,0.0305461905588857,0.0344043694925191,0.0332050974503863,0.0394841099085678,0.0384477878742738,0.0379958283511899,0.0358959847839531,0.0367996506665151,0.0341783528890312,0.0305461905588857,0.0344043694925191,0.0394841099085678,0.0384477878742738,0.0379958283511899,0.0358959847839531,0.0367996506665151,0.0341783528890312,0.0305461905588857,0.0344043694925191,0.0384477878742738,0.0379958283511899,0.0358959847839531,0.0367996506665151,0.0341783528890312,0.0305461905588857,0.0344043694925191,0.0379958283511899,0.0358959847839531,0.0367996506665151,0.0341783528890312,0.0305461905588857,0.0344043694925191,0.0358959847839531,0.0367996506665151,0.0341783528890312,0.0305461905588857,0.0344043694925191,0.0367996506665151,0.0341783528890312,0.0305461905588857,0.0344043694925191,0.0341783528890312,0.0305461905588857,0.0344043694925191,0.0305461905588857,0.0344043694925191,0.0344043694925191
"84",0.043719600368082,0.0449389179755672,0.0378914562526754,0.044553613136541,0.0422109960218704,0.0359872190324475,0.0393715090141229,0.034799951537293,0.035301972878877,0.0343954924062906,0.0449389179755672,0.0378914562526754,0.044553613136541,0.0422109960218704,0.0359872190324475,0.0393715090141229,0.034799951537293,0.035301972878877,0.0343954924062906,0.0378914562526754,0.044553613136541,0.0422109960218704,0.0359872190324475,0.0393715090141229,0.034799951537293,0.035301972878877,0.0343954924062906,0.044553613136541,0.0422109960218704,0.0359872190324475,0.0393715090141229,0.034799951537293,0.035301972878877,0.0343954924062906,0.0422109960218704,0.0359872190324475,0.0393715090141229,0.034799951537293,0.035301972878877,0.0343954924062906,0.0359872190324475,0.0393715090141229,0.034799951537293,0.035301972878877,0.0343954924062906,0.0393715090141229,0.034799951537293,0.035301972878877,0.0343954924062906,0.034799951537293,0.035301972878877,0.0343954924062906,0.035301972878877,0.0343954924062906,0.0343954924062906
"85",0.0492184380170004,0.0437200185691443,0.0499604722164336,0.0451374786448764,0.0466881675121145,0.0426887234771812,0.0476992161619783,0.0397546089671813,0.0337740933442237,0.0431462805100902,0.0437200185691443,0.0499604722164336,0.0451374786448764,0.0466881675121145,0.0426887234771812,0.0476992161619783,0.0397546089671813,0.0337740933442237,0.0431462805100902,0.0499604722164336,0.0451374786448764,0.0466881675121145,0.0426887234771812,0.0476992161619783,0.0397546089671813,0.0337740933442237,0.0431462805100902,0.0451374786448764,0.0466881675121145,0.0426887234771812,0.0476992161619783,0.0397546089671813,0.0337740933442237,0.0431462805100902,0.0466881675121145,0.0426887234771812,0.0476992161619783,0.0397546089671813,0.0337740933442237,0.0431462805100902,0.0426887234771812,0.0476992161619783,0.0397546089671813,0.0337740933442237,0.0431462805100902,0.0476992161619783,0.0397546089671813,0.0337740933442237,0.0431462805100902,0.0397546089671813,0.0337740933442237,0.0431462805100902,0.0337740933442237,0.0431462805100902,0.0431462805100902
"86",0.0503252392874684,0.0623279399299383,0.0588213939541351,0.0617869893107287,0.0499271669117073,0.0603146049040751,0.0531993603665959,0.0565152463019393,0.0521654745361584,0.0436442000745194,0.0623279399299383,0.0588213939541351,0.0617869893107287,0.0499271669117073,0.0603146049040751,0.0531993603665959,0.0565152463019393,0.0521654745361584,0.0436442000745194,0.0588213939541351,0.0617869893107287,0.0499271669117073,0.0603146049040751,0.0531993603665959,0.0565152463019393,0.0521654745361584,0.0436442000745194,0.0617869893107287,0.0499271669117073,0.0603146049040751,0.0531993603665959,0.0565152463019393,0.0521654745361584,0.0436442000745194,0.0499271669117073,0.0603146049040751,0.0531993603665959,0.0565152463019393,0.0521654745361584,0.0436442000745194,0.0603146049040751,0.0531993603665959,0.0565152463019393,0.0521654745361584,0.0436442000745194,0.0531993603665959,0.0565152463019393,0.0521654745361584,0.0436442000745194,0.0565152463019393,0.0521654745361584,0.0436442000745194,0.0521654745361584,0.0436442000745194,0.0436442000745194
"87",0.0643229006086979,0.0743794634896103,0.0720456482507773,0.0654666702811136,0.0620021232841117,0.06292869160088,0.0690951047838133,0.0619734844504672,0.0621354162947943,0.0568831667277263,0.0743794634896103,0.0720456482507773,0.0654666702811136,0.0620021232841117,0.06292869160088,0.0690951047838133,0.0619734844504672,0.0621354162947943,0.0568831667277263,0.0720456482507773,0.0654666702811136,0.0620021232841117,0.06292869160088,0.0690951047838133,0.0619734844504672,0.0621354162947943,0.0568831667277263,0.0654666702811136,0.0620021232841117,0.06292869160088,0.0690951047838133,0.0619734844504672,0.0621354162947943,0.0568831667277263,0.0620021232841117,0.06292869160088,0.0690951047838133,0.0619734844504672,0.0621354162947943,0.0568831667277263,0.06292869160088,0.0690951047838133,0.0619734844504672,0.0621354162947943,0.0568831667277263,0.0690951047838133,0.0619734844504672,0.0621354162947943,0.0568831667277263,0.0619734844504672,0.0621354162947943,0.0568831667277263,0.0621354162947943,0.0568831667277263,0.0568831667277263
"88",0.0700036427777139,0.07736179129668,0.0769086423821358,0.0850611536743739,0.0714546783625731,0.0726243239704313,0.0681749042108709,0.0730773840128967,0.0725272690806424,0.0742133099958145,0.07736179129668,0.0769086423821358,0.0850611536743739,0.0714546783625731,0.0726243239704313,0.0681749042108709,0.0730773840128967,0.0725272690806424,0.0742133099958145,0.0769086423821358,0.0850611536743739,0.0714546783625731,0.0726243239704313,0.0681749042108709,0.0730773840128967,0.0725272690806424,0.0742133099958145,0.0850611536743739,0.0714546783625731,0.0726243239704313,0.0681749042108709,0.0730773840128967,0.0725272690806424,0.0742133099958145,0.0714546783625731,0.0726243239704313,0.0681749042108709,0.0730773840128967,0.0725272690806424,0.0742133099958145,0.0726243239704313,0.0681749042108709,0.0730773840128967,0.0725272690806424,0.0742133099958145,0.0681749042108709,0.0730773840128967,0.0725272690806424,0.0742133099958145,0.0730773840128967,0.0725272690806424,0.0742133099958145,0.0725272690806424,0.0742133099958145,0.0742133099958145
"89",0.0967990596725255,0.0914987199526408,0.0942304307765573,0.0920917665307348,0.0800677625332762,0.0749969872661784,0.0796864349011588,0.0777166551715542,0.0787841656455525,0.0745388160551547,0.0914987199526408,0.0942304307765573,0.0920917665307348,0.0800677625332762,0.0749969872661784,0.0796864349011588,0.0777166551715542,0.0787841656455525,0.0745388160551547,0.0942304307765573,0.0920917665307348,0.0800677625332762,0.0749969872661784,0.0796864349011588,0.0777166551715542,0.0787841656455525,0.0745388160551547,0.0920917665307348,0.0800677625332762,0.0749969872661784,0.0796864349011588,0.0777166551715542,0.0787841656455525,0.0745388160551547,0.0800677625332762,0.0749969872661784,0.0796864349011588,0.0777166551715542,0.0787841656455525,0.0745388160551547,0.0749969872661784,0.0796864349011588,0.0777166551715542,0.0787841656455525,0.0745388160551547,0.0796864349011588,0.0777166551715542,0.0787841656455525,0.0745388160551547,0.0777166551715542,0.0787841656455525,0.0745388160551547,0.0787841656455525,0.0745388160551547,0.0745388160551547
"90",0.102730863758035,0.0988119455444949,0.105590522873952,0.0970370708546384,0.114412046151985,0.093177304093208,0.0911398943531567,0.0993350927419731,0.0893560865444354,0.0960963274480658,0.0988119455444949,0.105590522873952,0.0970370708546384,0.114412046151985,0.093177304093208,0.0911398943531567,0.0993350927419731,0.0893560865444354,0.0960963274480658,0.105590522873952,0.0970370708546384,0.114412046151985,0.093177304093208,0.0911398943531567,0.0993350927419731,0.0893560865444354,0.0960963274480658,0.0970370708546384,0.114412046151985,0.093177304093208,0.0911398943531567,0.0993350927419731,0.0893560865444354,0.0960963274480658,0.114412046151985,0.093177304093208,0.0911398943531567,0.0993350927419731,0.0893560865444354,0.0960963274480658,0.093177304093208,0.0911398943531567,0.0993350927419731,0.0893560865444354,0.0960963274480658,0.0911398943531567,0.0993350927419731,0.0893560865444354,0.0960963274480658,0.0993350927419731,0.0893560865444354,0.0960963274480658,0.0893560865444354,0.0960963274480658,0.0960963274480658
"91",0.118345477925418,0.121781973697297,0.134448529164678,0.116496342891515,0.116578095606073,0.11736087767014,0.113110350872233,0.114526716449204,0.103556086656434,0.0998442896213044,0.121781973697297,0.134448529164678,0.116496342891515,0.116578095606073,0.11736087767014,0.113110350872233,0.114526716449204,0.103556086656434,0.0998442896213044,0.134448529164678,0.116496342891515,0.116578095606073,0.11736087767014,0.113110350872233,0.114526716449204,0.103556086656434,0.0998442896213044,0.116496342891515,0.116578095606073,0.11736087767014,0.113110350872233,0.114526716449204,0.103556086656434,0.0998442896213044,0.116578095606073,0.11736087767014,0.113110350872233,0.114526716449204,0.103556086656434,0.0998442896213044,0.11736087767014,0.113110350872233,0.114526716449204,0.103556086656434,0.0998442896213044,0.113110350872233,0.114526716449204,0.103556086656434,0.0998442896213044,0.114526716449204,0.103556086656434,0.0998442896213044,0.103556086656434,0.0998442896213044,0.0998442896213044
"92",0.149694163494471,0.129077002725328,0.125117273011571,0.145734725027366,0.133330419644093,0.1228019788473,0.108603473276934,0.124516436398285,0.134543956277001,0.139794924140491,0.129077002725328,0.125117273011571,0.145734725027366,0.133330419644093,0.1228019788473,0.108603473276934,0.124516436398285,0.134543956277001,0.139794924140491,0.125117273011571,0.145734725027366,0.133330419644093,0.1228019788473,0.108603473276934,0.124516436398285,0.134543956277001,0.139794924140491,0.145734725027366,0.133330419644093,0.1228019788473,0.108603473276934,0.124516436398285,0.134543956277001,0.139794924140491,0.133330419644093,0.1228019788473,0.108603473276934,0.124516436398285,0.134543956277001,0.139794924140491,0.1228019788473,0.108603473276934,0.124516436398285,0.134543956277001,0.139794924140491,0.108603473276934,0.124516436398285,0.134543956277001,0.139794924140491,0.124516436398285,0.134543956277001,0.139794924140491,0.134543956277001,0.139794924140491,0.139794924140491
"93",0.17225544128199,0.157328732317801,0.171810897254778,0.162363000231904,0.135944495771445,0.155669335475073,0.147804241274845,0.157548736914687,0.14531780511847,0.144048659419023,0.157328732317801,0.171810897254778,0.162363000231904,0.135944495771445,0.155669335475073,0.147804241274845,0.157548736914687,0.14531780511847,0.144048659419023,0.171810897254778,0.162363000231904,0.135944495771445,0.155669335475073,0.147804241274845,0.157548736914687,0.14531780511847,0.144048659419023,0.162363000231904,0.135944495771445,0.155669335475073,0.147804241274845,0.157548736914687,0.14531780511847,0.144048659419023,0.135944495771445,0.155669335475073,0.147804241274845,0.157548736914687,0.14531780511847,0.144048659419023,0.155669335475073,0.147804241274845,0.157548736914687,0.14531780511847,0.144048659419023,0.147804241274845,0.157548736914687,0.14531780511847,0.144048659419023,0.157548736914687,0.14531780511847,0.144048659419023,0.14531780511847,0.144048659419023,0.144048659419023
"94",0.209101407750669,0.166640806826998,0.146683638174825,0.178954817346721,0.172979887712316,0.16359721316397,0.164758020236881,0.18022512399256,0.170993410533904,0.17747976010715,0.166640806826998,0.146683638174825,0.178954817346721,0.172979887712316,0.16359721316397,0.164758020236881,0.18022512399256,0.170993410533904,0.17747976010715,0.146683638174825,0.178954817346721,0.172979887712316,0.16359721316397,0.164758020236881,0.18022512399256,0.170993410533904,0.17747976010715,0.178954817346721,0.172979887712316,0.16359721316397,0.164758020236881,0.18022512399256,0.170993410533904,0.17747976010715,0.172979887712316,0.16359721316397,0.164758020236881,0.18022512399256,0.170993410533904,0.17747976010715,0.16359721316397,0.164758020236881,0.18022512399256,0.170993410533904,0.17747976010715,0.164758020236881,0.18022512399256,0.170993410533904,0.17747976010715,0.18022512399256,0.170993410533904,0.17747976010715,0.170993410533904,0.17747976010715,0.17747976010715
"95",0.224048517427336,0.214634497918881,0.198020300310377,0.182173213875488,0.206263290160448,0.193420411904557,0.194293915324277,0.172185969687453,0.159894185979642,0.190467804072647,0.214634497918881,0.198020300310377,0.182173213875488,0.206263290160448,0.193420411904557,0.194293915324277,0.172185969687453,0.159894185979642,0.190467804072647,0.198020300310377,0.182173213875488,0.206263290160448,0.193420411904557,0.194293915324277,0.172185969687453,0.159894185979642,0.190467804072647,0.182173213875488,0.206263290160448,0.193420411904557,0.194293915324277,0.172185969687453,0.159894185979642,0.190467804072647,0.206263290160448,0.193420411904557,0.194293915324277,0.172185969687453,0.159894185979642,0.190467804072647,0.193420411904557,0.194293915324277,0.172185969687453,0.159894185979642,0.190467804072647,0.194293915324277,0.172185969687453,0.159894185979642,0.190467804072647,0.172185969687453,0.159894185979642,0.190467804072647,0.159894185979642,0.190467804072647,0.190467804072647
"96",0.243147400584339,0.224968908864792,0.244616046559025,0.226508777396905,0.200972414763024,0.206025074768762,0.17701049709378,0.219973250111458,0.200491275622565,0.20283617502621,0.224968908864792,0.244616046559025,0.226508777396905,0.200972414763024,0.206025074768762,0.17701049709378,0.219973250111458,0.200491275622565,0.20283617502621,0.244616046559025,0.226508777396905,0.200972414763024,0.206025074768762,0.17701049709378,0.219973250111458,0.200491275622565,0.20283617502621,0.226508777396905,0.200972414763024,0.206025074768762,0.17701049709378,0.219973250111458,0.200491275622565,0.20283617502621,0.200972414763024,0.206025074768762,0.17701049709378,0.219973250111458,0.200491275622565,0.20283617502621,0.206025074768762,0.17701049709378,0.219973250111458,0.200491275622565,0.20283617502621,0.17701049709378,0.219973250111458,0.200491275622565,0.20283617502621,0.219973250111458,0.200491275622565,0.20283617502621,0.200491275622565,0.20283617502621,0.20283617502621
"97",0.257409701705899,0.21801530127883,0.244323544107034,0.282458364547917,0.230228107381162,0.236275484833416,0.27981617004271,0.282192613167831,0.219052432563973,0.239650495014621,0.21801530127883,0.244323544107034,0.282458364547917,0.230228107381162,0.236275484833416,0.27981617004271,0.282192613167831,0.219052432563973,0.239650495014621,0.244323544107034,0.282458364547917,0.230228107381162,0.236275484833416,0.27981617004271,0.282192613167831,0.219052432563973,0.239650495014621,0.282458364547917,0.230228107381162,0.236275484833416,0.27981617004271,0.282192613167831,0.219052432563973,0.239650495014621,0.230228107381162,0.236275484833416,0.27981617004271,0.282192613167831,0.219052432563973,0.239650495014621,0.236275484833416,0.27981617004271,0.282192613167831,0.219052432563973,0.239650495014621,0.27981617004271,0.282192613167831,0.219052432563973,0.239650495014621,0.282192613167831,0.219052432563973,0.239650495014621,0.219052432563973,0.239650495014621,0.239650495014621
"98",0.279470960322024,0.290726202158979,0.276632425831478,0.273398832828544,0.264808230577199,0.277746553377194,0.268585838737146,0.291027055951306,0.264095288928842,0.27449763734428,0.290726202158979,0.276632425831478,0.273398832828544,0.264808230577199,0.277746553377194,0.268585838737146,0.291027055951306,0.264095288928842,0.27449763734428,0.276632425831478,0.273398832828544,0.264808230577199,0.277746553377194,0.268585838737146,0.291027055951306,0.264095288928842,0.27449763734428,0.273398832828544,0.264808230577199,0.277746553377194,0.268585838737146,0.291027055951306,0.264095288928842,0.27449763734428,0.264808230577199,0.277746553377194,0.268585838737146,0.291027055951306,0.264095288928842,0.27449763734428,0.277746553377194,0.268585838737146,0.291027055951306,0.264095288928842,0.27449763734428,0.268585838737146,0.291027055951306,0.264095288928842,0.27449763734428,0.291027055951306,0.264095288928842,0.27449763734428,0.264095288928842,0.27449763734428,0.27449763734428
"99",0.375107112253642,0.370117864571296,0.32307860740092,0.362807787745753,0.28256989886972,0.288076674777772,0.337132972589373,0.243882260733258,0.343399216445834,0.336660929432014,0.370117864571296,0.32307860740092,0.362807787745753,0.28256989886972,0.288076674777772,0.337132972589373,0.243882260733258,0.343399216445834,0.336660929432014,0.32307860740092,0.362807787745753,0.28256989886972,0.288076674777772,0.337132972589373,0.243882260733258,0.343399216445834,0.336660929432014,0.362807787745753,0.28256989886972,0.288076674777772,0.337132972589373,0.243882260733258,0.343399216445834,0.336660929432014,0.28256989886972,0.288076674777772,0.337132972589373,0.243882260733258,0.343399216445834,0.336660929432014,0.288076674777772,0.337132972589373,0.243882260733258,0.343399216445834,0.336660929432014,0.337132972589373,0.243882260733258,0.343399216445834,0.336660929432014,0.243882260733258,0.343399216445834,0.336660929432014,0.343399216445834,0.336660929432014,0.336660929432014
"100",0.325762769969146,0.45163843596644,0.348313652196075,0.320195166577724,0.294196309173576,0.356694629764185,0.394354503943545,0.374718960779415,0.324343804432699,0.29080118694362,0.45163843596644,0.348313652196075,0.320195166577724,0.294196309173576,0.356694629764185,0.394354503943545,0.374718960779415,0.324343804432699,0.29080118694362,0.348313652196075,0.320195166577724,0.294196309173576,0.356694629764185,0.394354503943545,0.374718960779415,0.324343804432699,0.29080118694362,0.320195166577724,0.294196309173576,0.356694629764185,0.394354503943545,0.374718960779415,0.324343804432699,0.29080118694362,0.294196309173576,0.356694629764185,0.394354503943545,0.374718960779415,0.324343804432699,0.29080118694362,0.356694629764185,0.394354503943545,0.374718960779415,0.324343804432699,0.29080118694362,0.394354503943545,0.374718960779415,0.324343804432699,0.29080118694362,0.374718960779415,0.324343804432699,0.29080118694362,0.324343804432699,0.29080118694362,0.29080118694362
